"","Id","SalePrice"
"1",1461,105319.429699022
"2",1462,149728.958827638
"3",1463,181086.015392154
"4",1464,188045.800454175
"5",1465,179488.577442264
"6",1466,169492.253810296
"7",1467,182174.663180451
"8",1468,160123.08223087
"9",1469,203882.251042193
"10",1470,117576.752044531
"11",1471,176219.285635806
"12",1472,101745.567181299
"13",1473,96239.0326994463
"14",1474,154075.394102928
"15",1475,107569.00614507
"16",1476,378994.093835811
"17",1477,256251.594848139
"18",1478,297802.390298723
"19",1479,299448.10246364
"20",1480,442567.01
"21",1481,309178.159864738
"22",1482,204046.665149888
"23",1483,176171.188564962
"24",1484,162014.795960707
"25",1485,178519.209166845
"26",1486,198701.163083156
"27",1487,326905.580281702
"28",1488,221853.289647353
"29",1489,201375.52953734
"30",1490,259769.98858109
"31",1491,197916.655124882
"32",1492,78087.4938573658
"33",1493,176661.753389905
"34",1494,290805.594971778
"35",1495,288543.906914886
"36",1496,242203.23812111
"37",1497,178734.535966227
"38",1498,163529.552121519
"39",1499,157870.069520056
"40",1500,152065.314982157
"41",1501,191984.389448841
"42",1502,144108.741098279
"43",1503,295496.807184259
"44",1504,233306.816052935
"45",1505,221583.484759796
"46",1506,197801.823921001
"47",1507,252860.326661726
"48",1508,204974.520470185
"49",1509,159787.016889308
"50",1510,148586.686344832
"51",1511,159676.677049189
"52",1512,187225.776346452
"53",1513,151000.114772967
"54",1514,164077.056594211
"55",1515,210258.062565808
"56",1516,159352.954943357
"57",1517,187913.103256637
"58",1518,118689.153458954
"59",1519,221319.63683709
"60",1520,130598.053608028
"61",1521,133482.386868674
"62",1522,189133.380890745
"63",1523,107188.720828352
"64",1524,123380.568947843
"65",1525,116749.992008036
"66",1526,101269.837429888
"67",1527,95015.3129709119
"68",1528,140091.302895509
"69",1529,157168.959569315
"70",1530,212940.932751404
"71",1531,103252.409719974
"72",1532,97104.8553100685
"73",1533,168225.366933266
"74",1534,126859.864486455
"75",1535,159976.503892137
"76",1536,102857.26047772
"77",1537,61815.97
"78",1538,157840.499003279
"79",1539,198483.35311901
"80",1540,120911.549061191
"81",1541,140578.351217989
"82",1542,158270.319162829
"83",1543,206423.888950876
"84",1544,75388.7135523418
"85",1545,126866.531333348
"86",1546,129188.079286906
"87",1547,128497.933924315
"88",1548,147716.019104361
"89",1549,126815.206431312
"90",1550,139153.299493442
"91",1551,120932.981599302
"92",1552,141804.047483428
"93",1553,155843.970487501
"94",1554,124379.029208121
"95",1555,168861.351571136
"96",1556,67336.0475226564
"97",1557,146629.339303159
"98",1558,117303.544934041
"99",1559,66735.6641681583
"100",1560,130411.427114417
"101",1561,153629.178152496
"102",1562,122106.618869226
"103",1563,121604.147717344
"104",1564,155398.527315125
"105",1565,143092.56624856
"106",1566,265699.575035091
"107",1567,69299.6368495565
"108",1568,236158.367321996
"109",1569,129139.991275099
"110",1570,119907.19624898
"111",1571,103444.457212376
"112",1572,151012.714669623
"113",1573,243956.503016331
"114",1574,126189.752407282
"115",1575,254430.154112111
"116",1576,234931.520608936
"117",1577,181637.655050647
"118",1578,147254.827974959
"119",1579,175756.812492958
"120",1580,193680.486800203
"121",1581,151500.30043808
"122",1582,127428.970807175
"123",1583,284171.080976427
"124",1584,215795.273467536
"125",1585,129038.594807094
"126",1586,63318.3597318396
"127",1587,102010.851067006
"128",1588,172630.002188215
"129",1589,104775.397987229
"130",1590,136383.164324349
"131",1591,86337.008864166
"132",1592,135238.583011268
"133",1593,135704.911710804
"134",1594,144891.178706606
"135",1595,124751.175341158
"136",1596,233868.593739593
"137",1597,196242.987546261
"138",1598,219207.499048007
"139",1599,188897.478236953
"140",1600,161272.581241349
"141",1601,61815.97
"142",1602,122701.940266261
"143",1603,61815.97
"144",1604,286732.249177385
"145",1605,227156.436075498
"146",1606,161861.484416725
"147",1607,168290.261429825
"148",1608,196007.258697805
"149",1609,186991.461623883
"150",1610,150483.333154733
"151",1611,134912.464539134
"152",1612,183693.432167731
"153",1613,155676.720675795
"154",1614,146560.172633017
"155",1615,94519.8647976938
"156",1616,73732.4034846396
"157",1617,89636.8342096423
"158",1618,119806.558220694
"159",1619,135074.839424094
"160",1620,156554.250031112
"161",1621,130527.806895069
"162",1622,132564.98334202
"163",1623,257466.010789506
"164",1624,207669.282336708
"165",1625,123098.70551052
"166",1626,174310.233252948
"167",1627,191047.463142513
"168",1628,282975.335065179
"169",1629,172886.491049592
"170",1630,348009.68037392
"171",1631,205938.001718539
"172",1632,228388.408668103
"173",1633,170393.371750654
"174",1634,187755.485569774
"175",1635,168314.967808809
"176",1636,138791.351103094
"177",1637,195648.643780442
"178",1638,172911.515958771
"179",1639,189376.851463385
"180",1640,253033.694207488
"181",1641,182416.54210033
"182",1642,256060.713451347
"183",1643,212399.724549024
"184",1644,226893.157825558
"185",1645,217256.323943176
"186",1646,150736.963073924
"187",1647,153844.048778582
"188",1648,134342.473413977
"189",1649,125031.609429186
"190",1650,112797.926300701
"191",1651,120790.046854116
"192",1652,105550.232363763
"193",1653,107340.862582769
"194",1654,151378.22829768
"195",1655,136985.292300161
"196",1656,142498.441214786
"197",1657,150705.252246203
"198",1658,145934.879624711
"199",1659,121614.162998475
"200",1660,142679.76098474
"201",1661,423737.570392456
"202",1662,384095.260917885
"203",1663,381762.468444101
"204",1664,442567.01
"205",1665,329302.612205999
"206",1666,323759.373194823
"207",1667,368054.649961282
"208",1668,364682.340830073
"209",1669,315962.158450143
"210",1670,355944.912313143
"211",1671,262527.416293232
"212",1672,412731.113852747
"213",1673,282557.82094222
"214",1674,242438.007169977
"215",1675,200113.567465285
"216",1676,201225.42454782
"217",1677,210436.588357536
"218",1678,442567.01
"219",1679,388115.211008556
"220",1680,340649.946460317
"221",1681,277084.607170754
"222",1682,315672.703971212
"223",1683,188916.610093447
"224",1684,166424.755905991
"225",1685,170344.206274628
"226",1686,165452.355137401
"227",1687,168141.43152472
"228",1688,191314.51327751
"229",1689,191331.265568568
"230",1690,190215.741518648
"231",1691,175736.497911083
"232",1692,256383.624551524
"233",1693,166214.062944009
"234",1694,178924.178391485
"235",1695,163848.185859946
"236",1696,257458.730288941
"237",1697,172182.589094045
"238",1698,345557.946762601
"239",1699,304323.492474599
"240",1700,263413.558908223
"241",1701,280123.864819972
"242",1702,240392.314367075
"243",1703,223762.862611485
"244",1704,268911.114554661
"245",1705,241982.125386684
"246",1706,439383.247221234
"247",1707,227971.192404552
"248",1708,201726.422191779
"249",1709,247147.975463457
"250",1710,219053.871950425
"251",1711,271994.17446959
"252",1712,261805.861418633
"253",1713,284609.563046941
"254",1714,226536.946721789
"255",1715,206122.129613731
"256",1716,182903.917282726
"257",1717,174159.709508943
"258",1718,145542.022316348
"259",1719,235072.495824704
"260",1720,246471.794803282
"261",1721,161284.745175427
"262",1722,130302.86168717
"263",1723,156130.605575868
"264",1724,219863.016979608
"265",1725,226875.492841246
"266",1726,188858.022733507
"267",1727,146189.809955832
"268",1728,173296.916028933
"269",1729,168751.498117495
"270",1730,162933.551523288
"271",1731,121777.301061499
"272",1732,119721.881920275
"273",1733,117056.522429568
"274",1734,123437.875738322
"275",1735,122046.567701006
"276",1736,99603.2933342329
"277",1737,315065.271535154
"278",1738,254925.467395746
"279",1739,272606.104951132
"280",1740,224568.252400163
"281",1741,192254.941288526
"282",1742,176436.290984835
"283",1743,174436.693377722
"284",1744,342843.133817111
"285",1745,245932.627293686
"286",1746,204867.329681772
"287",1747,208738.100637212
"288",1748,216847.216879265
"289",1749,143117.361257277
"290",1750,131217.186305286
"291",1751,227588.134020524
"292",1752,113120.322100709
"293",1753,162465.536474541
"294",1754,200174.377922224
"295",1755,167036.915709762
"296",1756,128026.133228135
"297",1757,108939.211297251
"298",1758,146671.877662395
"299",1759,157608.694686404
"300",1760,158528.703249283
"301",1761,158341.678907393
"302",1762,184167.854857375
"303",1763,196635.483698038
"304",1764,106866.474776469
"305",1765,222627.625498163
"306",1766,197947.155401961
"307",1767,234437.075057294
"308",1768,144136.197845982
"309",1769,160554.76028295
"310",1770,148956.505831086
"311",1771,129929.762074589
"312",1772,136046.932107524
"313",1773,109448.656391918
"314",1774,145699.435600188
"315",1775,134547.808539888
"316",1776,126983.927167657
"317",1777,109435.304294855
"318",1778,144716.966134296
"319",1779,126788.585044507
"320",1780,174716.004228702
"321",1781,126318.465136099
"322",1782,76064.2190687664
"323",1783,140165.029213738
"324",1784,111683.08965626
"325",1785,144163.822608572
"326",1786,108288.62057578
"327",1787,158651.292997096
"328",1788,61815.97
"329",1789,100210.924854768
"330",1790,61815.97
"331",1791,197660.020961066
"332",1792,168539.106430962
"333",1793,136083.327689903
"334",1794,170857.714633234
"335",1795,134614.390792885
"336",1796,119915.470029927
"337",1797,121207.946415046
"338",1798,123050.793505449
"339",1799,108263.239817927
"340",1800,124990.999882322
"341",1801,115450.618578366
"342",1802,118368.511443943
"343",1803,162203.690849067
"344",1804,122022.36289607
"345",1805,136492.54913796
"346",1806,127400.269899645
"347",1807,147358.975734711
"348",1808,113011.178866014
"349",1809,128178.882614261
"350",1810,147472.374079944
"351",1811,97989.8437301162
"352",1812,113198.636793269
"353",1813,128798.024961659
"354",1814,104033.118668946
"355",1815,61815.97
"356",1816,96641.5888679961
"357",1817,112659.628809152
"358",1818,185141.371507258
"359",1819,137203.385467765
"360",1820,61815.97
"361",1821,114249.495106844
"362",1822,145909.364149015
"363",1823,61815.97
"364",1824,145520.093303215
"365",1825,132869.745435809
"366",1826,96903.6492838818
"367",1827,100590.901878809
"368",1828,139211.335454233
"369",1829,141001.96731362
"370",1830,149368.390551226
"371",1831,156181.767303017
"372",1832,81078.314902697
"373",1833,152655.099492946
"374",1834,113514.513648111
"375",1835,122012.724017217
"376",1836,144452.945517167
"377",1837,88194.123758803
"378",1838,115230.711276927
"379",1839,99226.60202346
"380",1840,155265.520312376
"381",1841,137036.544822919
"382",1842,68907.7963941325
"383",1843,120768.360990063
"384",1844,133217.213574367
"385",1845,131256.401178809
"386",1846,153122.782503892
"387",1847,181296.972640333
"388",1848,61815.97
"389",1849,118882.446806747
"390",1850,119840.41336741
"391",1851,151600.462745233
"392",1852,115474.275859528
"393",1853,115971.202956479
"394",1854,168393.611873098
"395",1855,139508.565093134
"396",1856,224887.712824697
"397",1857,142157.629064321
"398",1858,138751.829298765
"399",1859,116845.42085436
"400",1860,126250.026688436
"401",1861,115633.096609018
"402",1862,281674.884399048
"403",1863,270143.774621404
"404",1864,270168.728233448
"405",1865,377963.458413676
"406",1866,359217.805658778
"407",1867,213212.932859646
"408",1868,293158.737674671
"409",1869,205003.323878625
"410",1870,218441.372011069
"411",1871,259542.359064695
"412",1872,169745.986770363
"413",1873,247813.083851889
"414",1874,156316.402385016
"415",1875,203714.775969296
"416",1876,196013.63264469
"417",1877,208843.44661296
"418",1878,196081.19088349
"419",1879,120964.921177228
"420",1880,139499.857863525
"421",1881,241056.783440978
"422",1882,240868.147952076
"423",1883,179819.407994357
"424",1884,204734.275414485
"425",1885,244688.765671898
"426",1886,293569.966649259
"427",1887,213721.425855118
"428",1888,258095.020025409
"429",1889,170863.010854841
"430",1890,101773.630030423
"431",1891,133784.882725349
"432",1892,90599.0341451184
"433",1893,141218.480319801
"434",1894,115865.645942735
"435",1895,136082.018023769
"436",1896,119840.177584703
"437",1897,108167.075898294
"438",1898,112689.330469215
"439",1899,157644.473599526
"440",1900,159906.210177781
"441",1901,175985.909660955
"442",1902,178435.361508584
"443",1903,211782.677629497
"444",1904,159772.517765231
"445",1905,214513.940783183
"446",1906,174814.575970601
"447",1907,232275.014032512
"448",1908,119542.266346328
"449",1909,142906.415103036
"450",1910,126185.915587442
"451",1911,238509.668236793
"452",1912,327089.440801194
"453",1913,146800.927343841
"454",1914,61815.97
"455",1915,349831.781952697
"456",1916,61815.97
"457",1917,238033.652455354
"458",1918,132445.927820988
"459",1919,170482.034654471
"460",1920,163730.422799152
"461",1921,393961.823145456
"462",1922,339104.698045575
"463",1923,227427.671762817
"464",1924,207922.48476781
"465",1925,202062.232102259
"466",1926,385868.047526021
"467",1927,117606.818167724
"468",1928,151922.259533348
"469",1929,117597.552806398
"470",1930,117839.052037484
"471",1931,133417.451868904
"472",1932,130997.692054881
"473",1933,182596.359593766
"474",1934,185571.205343829
"475",1935,171256.807296624
"476",1936,207698.246496353
"477",1937,178865.910837922
"478",1938,172476.004572338
"479",1939,242058.172652617
"480",1940,180889.125984481
"481",1941,170691.102652275
"482",1942,183169.689970721
"483",1943,206152.542111807
"484",1944,350143.081845086
"485",1945,386862.497168467
"486",1946,150374.078805401
"487",1947,324593.624006009
"488",1948,168535.632770763
"489",1949,253249.65208417
"490",1950,189400.524669484
"491",1951,250068.741986293
"492",1952,212331.920812383
"493",1953,164646.755585095
"494",1954,181029.089712731
"495",1955,139763.049068038
"496",1956,263510.660783732
"497",1957,160375.412473057
"498",1958,271410.01228003
"499",1959,138283.5807436
"500",1960,105921.866659802
"501",1961,109796.677969287
"502",1962,103025.688409622
"503",1963,113470.447099467
"504",1964,109423.027187646
"505",1965,143629.327094247
"506",1966,138905.404679474
"507",1967,300679.265417737
"508",1968,417415.552254019
"509",1969,395366.730548932
"510",1970,407429.642178588
"511",1971,442567.01
"512",1972,367965.766553558
"513",1973,282509.872814731
"514",1974,339872.23727224
"515",1975,442567.01
"516",1976,273730.500401488
"517",1977,356190.976213647
"518",1978,352550.657092454
"519",1979,324310.217762293
"520",1980,193105.957103494
"521",1981,356573.455495567
"522",1982,203456.102998826
"523",1983,186600.820499537
"524",1984,192232.469291716
"525",1985,240146.563331785
"526",1986,211394.242699543
"527",1987,213343.466011657
"528",1988,170022.466398058
"529",1989,196465.910728933
"530",1990,209045.960999892
"531",1991,229384.051731943
"532",1992,224307.631136893
"533",1993,147219.908836368
"534",1994,241087.804526885
"535",1995,187786.353866664
"536",1996,282421.525134568
"537",1997,345797.296016067
"538",1998,322385.5260056
"539",1999,295060.284355695
"540",2000,310506.633689674
"541",2001,275663.731892979
"542",2002,246929.187284134
"543",2003,251671.336359274
"544",2004,272829.30151906
"545",2005,218978.146697134
"546",2006,220382.859026923
"547",2007,243096.781014168
"548",2008,229505.241584523
"549",2009,199377.139284955
"550",2010,200068.243062417
"551",2011,145990.589057872
"552",2012,177237.695523959
"553",2013,173313.038453239
"554",2014,185213.850151336
"555",2015,203563.752796764
"556",2016,193765.666956896
"557",2017,196506.365748157
"558",2018,105712.032067594
"559",2019,122542.73872773
"560",2020,98257.1145025421
"561",2021,92525.3722459921
"562",2022,196495.162247521
"563",2023,141833.400783515
"564",2024,285430.587243191
"565",2025,356595.105358655
"566",2026,174472.666043866
"567",2027,153165.459541324
"568",2028,157784.121456979
"569",2029,176193.977649246
"570",2030,262830.707702019
"571",2031,239750.874666559
"572",2032,266210.618128834
"573",2033,257511.360216281
"574",2034,167859.971711883
"575",2035,230206.265098278
"576",2036,203044.158739733
"577",2037,216908.791775673
"578",2038,323918.077695384
"579",2039,229514.686896671
"580",2040,306608.462898772
"581",2041,308360.027733525
"582",2042,203876.142217427
"583",2043,184506.952239955
"584",2044,184240.742731553
"585",2045,198180.950763022
"586",2046,137387.526125029
"587",2047,141222.950197008
"588",2048,133666.43417323
"589",2049,133245.556632048
"590",2050,173111.834545258
"591",2051,113175.035758782
"592",2052,119009.830540421
"593",2053,142561.444015283
"594",2054,83292.693834744
"595",2055,174277.120441741
"596",2056,131353.043803156
"597",2057,95804.0406734821
"598",2058,214179.632239248
"599",2059,124496.930403403
"600",2060,186201.660361141
"601",2061,178474.302557321
"602",2062,126118.372853224
"603",2063,104109.114806353
"604",2064,135611.040902274
"605",2065,95392.7499917205
"606",2066,163592.536098507
"607",2067,114427.52954965
"608",2068,142283.038192623
"609",2069,101558.565803863
"610",2070,115701.774455641
"611",2071,92948.8919540094
"612",2072,142358.227818678
"613",2073,127377.868095967
"614",2074,177645.629140409
"615",2075,158060.543045373
"616",2076,118828.346314961
"617",2077,152354.797917367
"618",2078,128374.834228146
"619",2079,126540.846539322
"620",2080,115371.129332402
"621",2081,125217.854333254
"622",2082,130197.351833709
"623",2083,156240.692296749
"624",2084,99065.6359280923
"625",2085,104159.790340572
"626",2086,116572.366905373
"627",2087,126734.91284486
"628",2088,101964.788129122
"629",2089,72422.2737565418
"630",2090,114874.296118102
"631",2091,86433.4377767985
"632",2092,133899.283754421
"633",2093,160520.395462569
"634",2094,115487.031406803
"635",2095,134534.154186045
"636",2096,70716.1090094509
"637",2097,96568.5636384035
"638",2098,140315.767536996
"639",2099,61815.97
"640",2100,61815.97
"641",2101,98976.5080619767
"642",2102,131457.304165772
"643",2103,88463.6622836983
"644",2104,146095.2233922
"645",2105,141140.173869361
"646",2106,61815.97
"647",2107,204769.255419733
"648",2108,123054.777975958
"649",2109,112443.951676222
"650",2110,143897.105742298
"651",2111,146782.222015889
"652",2112,152289.769432943
"653",2113,118325.366430108
"654",2114,114577.648684904
"655",2115,166561.653241291
"656",2116,116618.356886507
"657",2117,150371.142706586
"658",2118,121074.484986578
"659",2119,114672.391048816
"660",2120,110109.072025039
"661",2121,108888.724392648
"662",2122,109816.973479129
"663",2123,90604.1384630068
"664",2124,171568.02809087
"665",2125,138045.326778651
"666",2126,151390.20707742
"667",2127,181721.351378822
"668",2128,130405.441679869
"669",2129,71585.7104732632
"670",2130,140760.160988929
"671",2131,124691.584173164
"672",2132,119651.347359717
"673",2133,135436.926317832
"674",2134,114575.749788315
"675",2135,100873.618021713
"676",2136,62169.2487365126
"677",2137,105633.187746717
"678",2138,132649.91147666
"679",2139,153466.296490774
"680",2140,143204.948981935
"681",2141,145131.946780751
"682",2142,132281.146802838
"683",2143,154128.13915401
"684",2144,118487.443272936
"685",2145,133781.298710596
"686",2146,190885.94314619
"687",2147,144399.632735077
"688",2148,134117.941340617
"689",2149,143617.381799868
"690",2150,237793.242827913
"691",2151,123426.111057613
"692",2152,207416.960733701
"693",2153,191259.608062986
"694",2154,101753.859723959
"695",2155,139354.004817244
"696",2156,277103.486445525
"697",2157,227724.033641895
"698",2158,226842.394074774
"699",2159,213788.161529113
"700",2160,190335.285056977
"701",2161,231745.17843373
"702",2162,405505.539412886
"703",2163,356688.723086636
"704",2164,247506.620039072
"705",2165,218410.542319813
"706",2166,159774.148514724
"707",2167,221883.49793013
"708",2168,188175.11878006
"709",2169,193486.54804314
"710",2170,215769.660802467
"711",2171,152415.644837801
"712",2172,129517.755631865
"713",2173,162313.575498225
"714",2174,226568.199259916
"715",2175,276914.644908565
"716",2176,307419.549630197
"717",2177,240997.902413232
"718",2178,205055.653864258
"719",2179,129615.194740716
"720",2180,237922.549040224
"721",2181,196841.39862147
"722",2182,222252.55052541
"723",2183,186209.444776399
"724",2184,122704.207082355
"725",2185,131209.776878415
"726",2186,153386.314912133
"727",2187,153291.841836123
"728",2188,157290.095289172
"729",2189,319046.190374061
"730",2190,83535.9512574707
"731",2191,61815.97
"732",2192,79152.0666067863
"733",2193,124385.83669923
"734",2194,105072.032865093
"735",2195,99085.2558614414
"736",2196,105095.641633443
"737",2197,108790.106006967
"738",2198,168379.621591468
"739",2199,165847.493503608
"740",2200,162630.800056692
"741",2201,151386.831298835
"742",2202,211448.915525951
"743",2203,145966.628498718
"744",2204,174527.256469871
"745",2205,129206.95270379
"746",2206,151314.39493516
"747",2207,214788.919124443
"748",2208,254339.936274588
"749",2209,255078.687800878
"750",2210,123858.592328065
"751",2211,129666.09014884
"752",2212,132157.583214371
"753",2213,104426.742712561
"754",2214,146710.144309292
"755",2215,96311.9391873891
"756",2216,164743.806018918
"757",2217,61815.97
"758",2218,86571.2525717112
"759",2219,73580.2943569567
"760",2220,61815.97
"761",2221,350057.83922839
"762",2222,311735.743477498
"763",2223,283536.275861276
"764",2224,201716.804307807
"765",2225,111674.16794002
"766",2226,191811.574773383
"767",2227,188087.079341876
"768",2228,280383.945401735
"769",2229,237492.294174404
"770",2230,147516.591857937
"771",2231,212626.748036345
"772",2232,171211.183792162
"773",2233,171595.784029852
"774",2234,237203.027850756
"775",2235,239711.840692121
"776",2236,244199.585596861
"777",2237,304542.899970789
"778",2238,199285.1073231
"779",2239,113713.925329017
"780",2240,155581.748786747
"781",2241,154326.55772562
"782",2242,123731.473544278
"783",2243,120621.583758698
"784",2244,115222.197967697
"785",2245,123937.924182246
"786",2246,136213.302348266
"787",2247,129206.566519297
"788",2248,116065.876812793
"789",2249,105844.119256548
"790",2250,123763.954379934
"791",2251,88253.1926527096
"792",2252,195840.292879655
"793",2253,153012.484585436
"794",2254,169876.741781118
"795",2255,191074.911811455
"796",2256,172563.291534292
"797",2257,201063.834023177
"798",2258,149439.812934511
"799",2259,171597.651195612
"800",2260,115532.131307656
"801",2261,197064.836560256
"802",2262,217839.666864906
"803",2263,362029.33394738
"804",2264,442567.01
"805",2265,180143.263775416
"806",2266,298366.579821884
"807",2267,376765.224932833
"808",2268,405459.315036205
"809",2269,144966.911044477
"810",2270,177876.639294294
"811",2271,212743.351574694
"812",2272,193195.936963743
"813",2273,153183.269617016
"814",2274,177325.559315987
"815",2275,162340.581263722
"816",2276,185454.822379237
"817",2277,188775.166331916
"818",2278,149197.754947633
"819",2279,107093.170961564
"820",2280,110132.619572979
"821",2281,148439.306582059
"822",2282,166660.788082822
"823",2283,113997.993028596
"824",2284,125402.668716033
"825",2285,141628.177846688
"826",2286,118339.906014605
"827",2287,395649.595985691
"828",2288,290966.111480112
"829",2289,351826.52174227
"830",2290,442567.01
"831",2291,349364.764959244
"832",2292,416519.700772415
"833",2293,442567.01
"834",2294,389090.403493516
"835",2295,442567.01
"836",2296,278864.047685973
"837",2297,379853.312727956
"838",2298,362770.391540338
"839",2299,352204.165877507
"840",2300,321002.223903272
"841",2301,322442.212202893
"842",2302,253959.471644865
"843",2303,239043.057301534
"844",2304,264296.154514811
"845",2305,215792.986494949
"846",2306,202863.505704857
"847",2307,202891.338661482
"848",2308,225492.627511919
"849",2309,301459.574318947
"850",2310,200336.594187119
"851",2311,210144.914543276
"852",2312,170993.631780424
"853",2313,159290.481408604
"854",2314,185065.868128449
"855",2315,183231.58856259
"856",2316,214202.915059107
"857",2317,194399.732294509
"858",2318,188661.223776987
"859",2319,191072.351730453
"860",2320,185852.925429756
"861",2321,249821.888309129
"862",2322,204936.527001304
"863",2323,198365.302279951
"864",2324,172836.412666341
"865",2325,213455.529715046
"866",2326,162681.046984846
"867",2327,199661.887885447
"868",2328,219645.727682107
"869",2329,189770.553204853
"870",2330,180057.808580587
"871",2331,334375.099511741
"872",2332,392805.583660401
"873",2333,320984.001541734
"874",2334,277258.585349932
"875",2335,295040.289368472
"876",2336,315740.524499092
"877",2337,197446.582455816
"878",2338,249316.850510877
"879",2339,211985.550316566
"880",2340,404555.540835971
"881",2341,200452.574908918
"882",2342,228946.302649214
"883",2343,218389.347452853
"884",2344,220099.771208119
"885",2345,237089.221982743
"886",2346,215760.302931964
"887",2347,207029.63414656
"888",2348,247357.884072145
"889",2349,193816.533024465
"890",2350,309464.052229916
"891",2351,292669.053391681
"892",2352,249272.199235809
"893",2353,250741.896979983
"894",2354,161341.104788753
"895",2355,156434.045315079
"896",2356,153257.77415352
"897",2357,193392.725361985
"898",2358,201147.000858555
"899",2359,119368.282105453
"900",2360,113288.66185783
"901",2361,152412.435019764
"902",2362,277113.238559228
"903",2363,160115.744961632
"904",2364,166738.479576952
"905",2365,212532.481907395
"906",2366,191161.228351401
"907",2367,223315.141043442
"908",2368,232051.194960667
"909",2369,208361.537878159
"910",2370,168599.726447658
"911",2371,162174.999053798
"912",2372,188094.923993744
"913",2373,284707.384444137
"914",2374,331746.31155933
"915",2375,257243.210916016
"916",2376,326866.145590808
"917",2377,361059.643623946
"918",2378,136175.790472192
"919",2379,222419.774794866
"920",2380,143029.242202049
"921",2381,168682.097472651
"922",2382,202046.892653199
"923",2383,196108.471227419
"924",2384,234144.141185677
"925",2385,159997.281721296
"926",2386,126139.511115058
"927",2387,128040.90104157
"928",2388,103120.676965595
"929",2389,106258.353927499
"930",2390,149507.456559786
"931",2391,131635.748443519
"932",2392,105463.972320672
"933",2393,168257.736680059
"934",2394,148729.829141736
"935",2395,204607.364755255
"936",2396,140333.447633796
"937",2397,231256.807349714
"938",2398,123941.730276761
"939",2399,81764.2040061296
"940",2400,65764.1471566575
"941",2401,122432.414044361
"942",2402,136780.592781847
"943",2403,141273.19787182
"944",2404,137363.415847299
"945",2405,163562.017819548
"946",2406,138995.419048328
"947",2407,110980.010006574
"948",2408,141520.684495247
"949",2409,96622.3008961014
"950",2410,172000.877822652
"951",2411,110928.754363798
"952",2412,160760.968931036
"953",2413,126133.041689692
"954",2414,165864.21160064
"955",2415,130291.809678499
"956",2416,129555.215415988
"957",2417,123387.861662899
"958",2418,125303.377947674
"959",2419,129429.063277132
"960",2420,112890.169337909
"961",2421,186785.226184694
"962",2422,110979.321353096
"963",2423,130732.342284777
"964",2424,140551.076414684
"965",2425,216836.296017768
"966",2426,152732.173178987
"967",2427,135137.571622253
"968",2428,173637.665628293
"969",2429,93105.8407574095
"970",2430,134029.081743031
"971",2431,86478.2917927359
"972",2432,146012.389061405
"973",2433,152995.620703051
"974",2434,144864.875041981
"975",2435,168045.521003781
"976",2436,110895.114984306
"977",2437,92477.4090976266
"978",2438,114253.006686024
"979",2439,104105.559124979
"980",2440,129585.370899689
"981",2441,103103.495406939
"982",2442,91437.9960953453
"983",2443,131739.36193682
"984",2444,121546.582299744
"985",2445,84633.2968247146
"986",2446,132191.628622696
"987",2447,185953.959443368
"988",2448,129527.22255757
"989",2449,103433.607698248
"990",2450,156011.070210007
"991",2451,98820.362148457
"992",2452,199834.77226332
"993",2453,97734.5611836731
"994",2454,122617.686374252
"995",2455,129353.378587184
"996",2456,151187.478688812
"997",2457,137027.762764611
"998",2458,128353.569085328
"999",2459,108765.709652017
"1000",2460,145938.256942666
"1001",2461,126325.22239238
"1002",2462,131559.071128444
"1003",2463,132611.868815367
"1004",2464,185508.428192856
"1005",2465,146223.977689771
"1006",2466,119902.532999293
"1007",2467,132668.160704136
"1008",2468,77134.5501997699
"1009",2469,92232.5842690547
"1010",2470,200868.724189823
"1011",2471,218995.475381027
"1012",2472,189034.316094249
"1013",2473,120944.723464891
"1014",2474,72193.4800005173
"1015",2475,221977.543621461
"1016",2476,118255.225889973
"1017",2477,112659.559844464
"1018",2478,160329.580565489
"1019",2479,105624.569404611
"1020",2480,161992.982057994
"1021",2481,126657.208940915
"1022",2482,116487.889873424
"1023",2483,105682.510100266
"1024",2484,131715.572799611
"1025",2485,113223.826622077
"1026",2486,161762.818563326
"1027",2487,173277.943391092
"1028",2488,156841.900575492
"1029",2489,155980.704590596
"1030",2490,146996.81924626
"1031",2491,98328.0504320743
"1032",2492,191752.406292928
"1033",2493,140049.277061031
"1034",2494,148329.269589219
"1035",2495,69729.0929979497
"1036",2496,228411.224251357
"1037",2497,158001.863101695
"1038",2498,112025.261502314
"1039",2499,74837.6589353886
"1040",2500,115680.586509225
"1041",2501,145079.554599921
"1042",2502,158678.322877601
"1043",2503,103425.55263012
"1044",2504,222879.656236361
"1045",2505,225955.444924184
"1046",2506,253140.2271584
"1047",2507,285322.750351924
"1048",2508,253724.619213147
"1049",2509,214352.480221135
"1050",2510,201507.584550569
"1051",2511,178778.988196039
"1052",2512,219674.006833432
"1053",2513,217803.656347905
"1054",2514,233134.460642674
"1055",2515,146750.895261583
"1056",2516,167113.286670609
"1057",2517,142777.092547552
"1058",2518,154180.159668845
"1059",2519,232526.35631386
"1060",2520,210949.471130015
"1061",2521,188518.087490476
"1062",2522,216642.04619477
"1063",2523,115461.00537728
"1064",2524,133251.205288672
"1065",2525,141749.511307201
"1066",2526,137288.442256542
"1067",2527,110014.719866342
"1068",2528,131198.854878476
"1069",2529,158648.134220877
"1070",2530,110203.16543943
"1071",2531,265703.485831446
"1072",2532,220298.965557376
"1073",2533,193743.448097184
"1074",2534,236336.648375509
"1075",2535,281312.246714411
"1076",2536,216923.030986578
"1077",2537,245904.646715248
"1078",2538,191393.582627428
"1079",2539,192953.966934837
"1080",2540,186088.995532494
"1081",2541,177346.354234226
"1082",2542,167177.186459261
"1083",2543,134070.090484167
"1084",2544,127988.041127829
"1085",2545,139301.718592231
"1086",2546,130221.796083782
"1087",2547,146289.381312652
"1088",2548,146189.549946104
"1089",2549,168672.239674492
"1090",2550,442567.01
"1091",2551,138165.542583114
"1092",2552,129975.77809034
"1093",2553,61815.97
"1094",2554,74247.4740772325
"1095",2555,108464.612399638
"1096",2556,86366.5246258929
"1097",2557,98132.0270861391
"1098",2558,183109.662874572
"1099",2559,155621.189097107
"1100",2560,158587.93109329
"1101",2561,152797.712326025
"1102",2562,161874.54995979
"1103",2563,160580.333691964
"1104",2564,199727.845644623
"1105",2565,150108.782569022
"1106",2566,153064.425915352
"1107",2567,141191.409110479
"1108",2568,217177.636185286
"1109",2569,225024.553191233
"1110",2570,121650.608884752
"1111",2571,202074.057831632
"1112",2572,178386.512199728
"1113",2573,233300.736594698
"1114",2574,304514.288421651
"1115",2575,138066.456037585
"1116",2576,137684.701945171
"1117",2577,164084.081561063
"1118",2578,72672.087335182
"1119",2579,61815.97
"1120",2580,91221.1695870897
"1121",2581,114817.796046704
"1122",2582,112339.857467271
"1123",2583,297362.648177652
"1124",2584,175989.64328921
"1125",2585,174768.864951242
"1126",2586,217808.393103788
"1127",2587,194680.623972843
"1128",2588,131578.617877534
"1129",2589,145848.551283537
"1130",2590,193105.804297186
"1131",2591,219876.564104658
"1132",2592,219236.559487779
"1133",2593,250927.445880042
"1134",2594,165331.478577401
"1135",2595,207901.181764196
"1136",2596,284930.215542193
"1137",2597,194864.996057552
"1138",2598,273170.858808495
"1139",2599,349639.067588329
"1140",2600,244703.552495654
"1141",2601,141639.450831684
"1142",2602,77994.6013671459
"1143",2603,98123.2702069705
"1144",2604,88956.7303787816
"1145",2605,72393.0857009659
"1146",2606,130788.599351314
"1147",2607,217294.793559304
"1148",2608,188273.947339978
"1149",2609,156164.002220281
"1150",2610,110854.134705192
"1151",2611,124730.27400724
"1152",2612,151070.965304348
"1153",2613,118008.133128413
"1154",2614,105903.901419952
"1155",2615,160004.491199333
"1156",2616,149198.527012004
"1157",2617,214366.085843667
"1158",2618,220081.667306431
"1159",2619,220224.03236017
"1160",2620,184189.84746255
"1161",2621,170154.469372343
"1162",2622,186148.62407907
"1163",2623,219578.037868673
"1164",2624,285640.582937083
"1165",2625,274310.233883033
"1166",2626,163572.81818608
"1167",2627,159148.282836605
"1168",2628,439528.807310901
"1169",2629,442567.01
"1170",2630,353591.667096959
"1171",2631,442567.01
"1172",2632,390112.351891001
"1173",2633,293086.32157334
"1174",2634,400394.74683691
"1175",2635,159174.262551337
"1176",2636,168634.083943739
"1177",2637,217918.356911115
"1178",2638,273977.420883153
"1179",2639,180855.38655199
"1180",2640,149753.264399447
"1181",2641,92413.8830847506
"1182",2642,174348.112710352
"1183",2643,109808.572111246
"1184",2644,111563.600938662
"1185",2645,108825.992030805
"1186",2646,99463.4208163547
"1187",2647,110006.480207889
"1188",2648,142363.08077811
"1189",2649,153703.908889419
"1190",2650,140836.92650113
"1191",2651,136650.910916134
"1192",2652,400419.198756594
"1193",2653,246478.492020159
"1194",2654,277325.320802795
"1195",2655,406091.166954182
"1196",2656,326176.028754995
"1197",2657,374178.339587576
"1198",2658,316875.480504369
"1199",2659,333169.912548006
"1200",2660,364054.924495932
"1201",2661,367625.21510599
"1202",2662,385674.476196779
"1203",2663,280109.862379603
"1204",2664,290631.388746776
"1205",2665,344980.175739702
"1206",2666,295637.767222288
"1207",2667,172661.663887749
"1208",2668,183303.120201199
"1209",2669,190534.651327603
"1210",2670,277265.471531459
"1211",2671,193299.813880154
"1212",2672,202320.266194558
"1213",2673,204662.375840333
"1214",2674,199550.489585293
"1215",2675,193559.928355357
"1216",2676,187145.038020628
"1217",2677,206281.145163084
"1218",2678,256905.509611101
"1219",2679,273882.45879707
"1220",2680,302042.086759014
"1221",2681,410476.80147765
"1222",2682,316475.479975849
"1223",2683,442567.01
"1224",2684,324927.991723591
"1225",2685,323894.217854148
"1226",2686,249505.472113541
"1227",2687,287196.24015375
"1228",2688,214817.754940449
"1229",2689,214719.853020724
"1230",2690,407463.106971603
"1231",2691,195499.060798059
"1232",2692,154038.084962085
"1233",2693,209051.332444658
"1234",2694,155793.063155599
"1235",2695,195505.622709988
"1236",2696,183014.745729909
"1237",2697,192087.731331435
"1238",2698,203616.474152737
"1239",2699,170025.267193389
"1240",2700,142009.223477898
"1241",2701,143933.249601162
"1242",2702,102198.464140055
"1243",2703,130780.937588353
"1244",2704,136813.999522682
"1245",2705,107601.969588229
"1246",2706,92444.6995279425
"1247",2707,120810.573766722
"1248",2708,130967.675375868
"1249",2709,117887.780627757
"1250",2710,130878.902875278
"1251",2711,399901.6805439
"1252",2712,386800.845530147
"1253",2713,164343.501600513
"1254",2714,145346.423896226
"1255",2715,170853.071860392
"1256",2716,141472.362192874
"1257",2717,191660.663922731
"1258",2718,213517.045718486
"1259",2719,129213.575895875
"1260",2720,175346.011287192
"1261",2721,130349.378623582
"1262",2722,169705.227518867
"1263",2723,137585.46436695
"1264",2724,126295.247084921
"1265",2725,124611.428488863
"1266",2726,145570.957710986
"1267",2727,154617.279737669
"1268",2728,165855.797812178
"1269",2729,138000.539386653
"1270",2730,144058.270188808
"1271",2731,119208.374119833
"1272",2732,129349.64118345
"1273",2733,161673.429370882
"1274",2734,124286.52940157
"1275",2735,138190.826151639
"1276",2736,126677.126540451
"1277",2737,116284.579902783
"1278",2738,126477.238397234
"1279",2739,160486.826676867
"1280",2740,141333.270932633
"1281",2741,153926.720229544
"1282",2742,150517.130587749
"1283",2743,152343.493223616
"1284",2744,155516.355023572
"1285",2745,136142.950361239
"1286",2746,129894.217106459
"1287",2747,141222.939218229
"1288",2748,97774.2339122462
"1289",2749,128021.892542764
"1290",2750,122443.248229685
"1291",2751,129928.716138249
"1292",2752,186298.084642426
"1293",2753,140953.62000616
"1294",2754,239670.809705105
"1295",2755,133422.361547548
"1296",2756,78885.4292198975
"1297",2757,61815.97
"1298",2758,88852.082862372
"1299",2759,161571.018931974
"1300",2760,127405.920536066
"1301",2761,140395.801441348
"1302",2762,124230.191415046
"1303",2763,180046.745646631
"1304",2764,139075.042212442
"1305",2765,287104.448627612
"1306",2766,114395.224880364
"1307",2767,75238.0795418206
"1308",2768,131499.82123192
"1309",2769,141882.604915556
"1310",2770,146222.258385339
"1311",2771,92511.1868967002
"1312",2772,104943.853388576
"1313",2773,164542.150866768
"1314",2774,164588.434308895
"1315",2775,126815.949939294
"1316",2776,141200.41416898
"1317",2777,137885.307055547
"1318",2778,109947.795860217
"1319",2779,117056.066698103
"1320",2780,98551.0043522581
"1321",2781,91570.9430188281
"1322",2782,82843.4572199054
"1323",2783,109338.987249292
"1324",2784,113017.127716128
"1325",2785,122062.830524614
"1326",2786,61815.97
"1327",2787,128797.922145215
"1328",2788,61815.97
"1329",2789,175301.093032445
"1330",2790,82195.3864541478
"1331",2791,95393.80250989
"1332",2792,73396.8497833612
"1333",2793,182159.917712066
"1334",2794,89821.4425525089
"1335",2795,121524.532952154
"1336",2796,89203.5992403658
"1337",2797,232208.692428753
"1338",2798,113115.695662018
"1339",2799,136245.714409961
"1340",2800,61815.97
"1341",2801,120475.653688768
"1342",2802,130620.037063381
"1343",2803,177994.982251107
"1344",2804,142740.551956683
"1345",2805,107804.833302636
"1346",2806,84408.8767903004
"1347",2807,179201.294946354
"1348",2808,151720.824771078
"1349",2809,140175.813186577
"1350",2810,127307.622877191
"1351",2811,166879.383104256
"1352",2812,185175.761532652
"1353",2813,151520.620270664
"1354",2814,155394.84528555
"1355",2815,89801.6232498462
"1356",2816,247843.673626635
"1357",2817,158320.660937916
"1358",2818,124436.124194907
"1359",2819,195410.776984223
"1360",2820,137232.295799939
"1361",2821,101618.217670195
"1362",2822,183906.364999627
"1363",2823,323473.713426716
"1364",2824,184596.621014303
"1365",2825,158531.518827518
"1366",2826,135851.698836564
"1367",2827,136168.683501957
"1368",2828,250806.884075353
"1369",2829,207010.550667462
"1370",2830,244122.002933073
"1371",2831,177634.550988228
"1372",2832,263939.867469531
"1373",2833,327724.322806817
"1374",2834,242522.497773614
"1375",2835,223531.779843279
"1376",2836,191791.846237708
"1377",2837,172413.490563517
"1378",2838,145942.024059652
"1379",2839,158695.215356306
"1380",2840,203707.465125428
"1381",2841,200401.206722877
"1382",2842,225943.729665951
"1383",2843,149415.004265761
"1384",2844,174051.292450311
"1385",2845,123457.335303375
"1386",2846,200305.966384666
"1387",2847,203029.767496566
"1388",2848,217134.290349595
"1389",2849,205196.24708932
"1390",2850,267174.668077625
"1391",2851,212072.210929934
"1392",2852,235820.634902585
"1393",2853,225828.384747916
"1394",2854,129779.047190047
"1395",2855,204278.806499784
"1396",2856,214454.311385497
"1397",2857,187093.123426597
"1398",2858,223462.145997888
"1399",2859,86497.8889506884
"1400",2860,141858.6237616
"1401",2861,139910.669072919
"1402",2862,192348.027883488
"1403",2863,131072.220040708
"1404",2864,274524.429363025
"1405",2865,149451.926145378
"1406",2866,149224.183067589
"1407",2867,92189.0290098832
"1408",2868,113052.282431069
"1409",2869,98261.6715529015
"1410",2870,104549.748923791
"1411",2871,61815.97
"1412",2872,61815.97
"1413",2873,79340.5799975863
"1414",2874,169004.597449936
"1415",2875,115705.426180376
"1416",2876,161958.788351847
"1417",2877,154950.796200616
"1418",2878,167786.884102941
"1419",2879,153002.987600148
"1420",2880,121830.204577711
"1421",2881,142189.341633796
"1422",2882,194667.919807669
"1423",2883,197884.964537184
"1424",2884,195096.198652084
"1425",2885,185285.880855156
"1426",2886,242385.36730035
"1427",2887,124155.756923018
"1428",2888,142901.404093074
"1429",2889,61815.97
"1430",2890,71105.3435520004
"1431",2891,146824.717054062
"1432",2892,61815.97
"1433",2893,66867.3348122776
"1434",2894,61815.97
"1435",2895,354633.693602296
"1436",2896,296877.144254766
"1437",2897,219262.540571516
"1438",2898,142745.097960239
"1439",2899,212608.608508072
"1440",2900,152898.771809144
"1441",2901,236972.209359451
"1442",2902,196809.359934608
"1443",2903,316293.690467209
"1444",2904,356076.417784146
"1445",2905,61815.97
"1446",2906,197845.061788006
"1447",2907,112617.358043534
"1448",2908,106518.980728793
"1449",2909,135125.178361292
"1450",2910,80854.2308951922
"1451",2911,73383.4255132911
"1452",2912,138893.890244552
"1453",2913,74096.5623049919
"1454",2914,78825.5782164855
"1455",2915,89792.9082949573
"1456",2916,73929.6883723945
"1457",2917,161991.395301015
"1458",2918,114667.491483112
"1459",2919,221592.074332188
